<?xml version="1.0" encoding="UTF-8"?>
<beans xmlns="http://www.springframework.org/schema/beans"
	xmlns:xsi="http://www.w3.org/2001/XMLSchema-instance" xmlns:context="http://www.springframework.org/schema/context"
	xmlns:aop="http://www.springframework.org/schema/aop" xmlns:tx="http://www.springframework.org/schema/tx"
	xmlns:p="http://www.springframework.org/schema/p"
	xmlns:task="http://www.springframework.org/schema/task"
	xsi:schemaLocation="
	http://www.springframework.org/schema/beans 
	http://www.springframework.org/schema/beans/spring-beans-3.1.xsd
	http://www.springframework.org/schema/aop 
	http://www.springframework.org/schema/aop/spring-aop-3.1.xsd
	http://www.springframework.org/schema/tx 
	http://www.springframework.org/schema/tx/spring-tx-3.1.xsd
	http://www.springframework.org/schema/context 
	http://www.springframework.org/schema/context/spring-context-3.1.xsd
	http://www.springframework.org/schema/task 
	http://www.springframework.org/schema/task/spring-task-3.0.xsd
	">
	<!-- 数据源配置 -->
	<bean id="propertyHolder"
		class="org.springframework.beans.factory.config.PropertyPlaceholderConfigurer">
		<property name="systemPropertiesModeName" value="SYSTEM_PROPERTIES_MODE_OVERRIDE" />
		<property name="ignoreResourceNotFound" value="true" />
		<property name="locations">
			<list>
				<value>classpath*:jdbc_druid.properties</value>
			</list>
		</property>
	</bean>

	<bean destroy-method="close" init-method="init" class="com.alibaba.druid.pool.DruidDataSource" id="dataSource">
		<property value="${url}" name="url" />
		<property value="${username}" name="username" />
		<property value="${password}" name="password" />
		<!-- 配置初始化大小、最小、最大 -->
		<property value="1" name="initialSize" />
		<property value="1" name="minIdle" />
		<property value="500" name="maxActive" />
		<!-- 配置获取连接等待超时的时间 -->
		<property value="60000" name="maxWait" />
		<!-- 配置间隔多久才进行一次检测，检测需要关闭的空闲连接，单位是毫秒 -->
		<property value="60000" name="timeBetweenEvictionRunsMillis" />
		<!-- 配置一个连接在池中最小生存的时间，单位是毫秒 -->
		<property value="300000" name="minEvictableIdleTimeMillis" />
		<property value="SELECT 'x'" name="validationQuery" />
		<property value="true" name="testWhileIdle" />
		<property value="false" name="testOnBorrow" />
		<property value="false" name="testOnReturn" />
		<property name="filters" value="stat" />
	</bean>

	<bean id="jdbcTemplate" class="org.springframework.jdbc.core.JdbcTemplate">
		<property name="dataSource" ref="dataSource"></property>
	</bean>

	<!-- 数据连接管理 -->
	<bean id="transactionManager"
		class="org.springframework.jdbc.datasource.DataSourceTransactionManager">
		<property name="dataSource" ref="dataSource" />
	</bean>
	<!-- ibatis3.x 配置 -->
	<bean id="sqlSessionFactory" class="org.mybatis.spring.SqlSessionFactoryBean">
		<property name="dataSource" ref="dataSource" />
		<property name="mapperLocations" value="classpath*:com/ddk/smmp/dao/*.xml" />
	</bean>
	<bean id="sqlSessionTemplate" class="org.mybatis.spring.SqlSessionTemplate">
		<constructor-arg index="0" ref="sqlSessionFactory" />
	</bean>

	<bean class="org.mybatis.spring.mapper.MapperScannerConfigurer">
		<property name="basePackage" value="com.ddk.smmp.dao" />
	</bean>
	<!-- 启用注解事务声明 -->
	<tx:annotation-driven transaction-manager="transactionManager" />
	
	<!-- 编程式事物 -->
	<bean id="defaultTransactionDefinition" class="org.springframework.transaction.support.DefaultTransactionDefinition"></bean>
  <task:annotation-driven/>
</beans>