<assembly
	xmlns="http://maven.apache.org/plugins/maven-assembly-plugin/assembly/1.1.2"
	xmlns:xsi="http://www.w3.org/2001/XMLSchema-instance"
	xsi:schemaLocation="http://maven.apache.org/plugins/maven-assembly-plugin/assembly/1.1.2 http://maven.apache.org/xsd/assembly-1.1.2.xsd">
	<id>package</id>
	<formats>
		<format>zip</format>
	</formats>
	<includeBaseDirectory>false</includeBaseDirectory>
	<fileSets>
		<fileSet>
			<directory>src/main/resources</directory>
			<outputDirectory>.</outputDirectory>
		</fileSet>
		<fileSet>
			<directory>src/main/resources/script</directory>
			<outputDirectory>.</outputDirectory>
		</fileSet>
		<fileSet>
			<directory>lib</directory>
			<outputDirectory>lib</outputDirectory>
			<excludes></excludes>
		</fileSet>
	</fileSets>
	<dependencySets>
		<dependencySet>
			<outputDirectory>lib</outputDirectory>
			<scope>runtime</scope>
		</dependencySet>
	</dependencySets>
</assembly>