<?xml version="1.0" encoding="UTF-8"?>
<beans xmlns="http://www.springframework.org/schema/beans"
	xmlns:xsi="http://www.w3.org/2001/XMLSchema-instance" xmlns:task="http://www.springframework.org/schema/task"
	xsi:schemaLocation="http://www.springframework.org/schema/beans http://www.springframework.org/schema/beans/spring-beans-3.0.xsd http://www.springframework.org/schema/task http://www.springframework.org/schema/task/spring-task.xsd">

	<bean id="serverListener" class="com.sioo.virtual.cmpp.business.ServerListener" init-method="startListener">
		<property name="configUtil" ref="configUtil" />
		<property name="channelHandler" ref="cmppServerHandler" />
	</bean>

	<bean id="configUtil" class="com.sioo.virtual.cmpp.util.ConfigUtil" init-method="loadConf" />

	<bean id="cmppServerHandler" class="com.sioo.virtual.cmpp.business.handler.CmppServerHandler">
		<property name="flowControl" ref="flowControl" />
	</bean>

	<!-- 定时任务打印日志和重置流控限制 -->
	
	<bean id="flowControl" class="com.sioo.virtual.cmpp.util.impl.FlowControlImpl">
		<constructor-arg index="0" value="${flowLimit}" />
	</bean>
	
	<!--
	<bean id="statistic" class="com.sioo.cmppgw.util.Statistic" />

	<task:scheduler id="scheduler" pool-size="2" />

	<task:scheduled-tasks scheduler="scheduler">
		<task:scheduled ref="flowControl" method="resetFlow" fixed-rate="1000" />
		<task:scheduled ref="statistic" method="logOutSpeed" fixed-rate="1000" />
	</task:scheduled-tasks>
	-->
</beans>